Country,ISO Code,Population,Population Density,GDP per Capita,Healthcare Expenditure (% of GDP),"Hospital Beds per 1,000 People",Life Expectancy,Vaccination Rate (%),Average Temperature (°C),Humidity (%),Mobility Index,Disease,Infection Rate,Mortality Rate
62,,183878299.0,1.26974631420586,64844.21186054183,6.146683193818897,6.479287062284994,58.405096657236754,0.9850895133330356,0.9823878733893792,1.397823381061064,0.9850055888429484,1,-8.881784197001252e-16,-4.440892098500626e-16
